[{"_allAttributes":{"publicAttributes":[],"privateAttributes":[]},"_properties":null,"_methods":[],"file":"c:/Users/003BIJ744/Desktop/s-troop-lwc/portfolio/force-app/main/default/lwc/bmi/bmi.js","metadata":{"decorators":[],"classMembers":[],"declarationLoc":{"start":{"line":3,"column":0},"end":{"line":3,"column":52}},"doc":"","exports":[{"type":"ExportDefaultDeclaration"}]},"updatedAt":"2024-10-25T13:15:45.346Z"},{"_allAttributes":{"publicAttributes":[],"privateAttributes":[{"name":"policy-list","memberType":0,"location":{"uri":"file:///c%3A/Users/003BIJ744/Desktop/s-troop-lwc/portfolio/force-app/main/default/lwc/accountPage/accountPage.js","range":{"start":{"line":6,"character":4},"end":{"line":6,"character":19}}},"detail":"LWC custom attribute"},{"name":"error","memberType":0,"location":{"uri":"file:///c%3A/Users/003BIJ744/Desktop/s-troop-lwc/portfolio/force-app/main/default/lwc/accountPage/accountPage.js","range":{"start":{"line":7,"character":4},"end":{"line":7,"character":9}}},"detail":"LWC custom attribute"}]},"_properties":null,"_methods":[{"name":"policyList","type":"method","decorator":"wire","loc":{"start":{"line":9,"column":4},"end":{"line":19,"column":5}}}],"file":"c:/Users/003BIJ744/Desktop/s-troop-lwc/portfolio/force-app/main/default/lwc/accountPage/accountPage.js","metadata":{"decorators":[{"type":"wire","targets":[{"type":"method","name":"policyList","static":{},"params":{},"adapter":{"name":"getPolicies","reference":"@salesforce/apex/LicController.getPolicies"}}]}],"classMembers":[{"name":"policyList","type":"property","loc":{"start":{"line":7,"column":4},"end":{"line":7,"column":19}}},{"name":"error","type":"property","loc":{"start":{"line":8,"column":4},"end":{"line":8,"column":9}}},{"name":"policyList","type":"method","decorator":"wire","loc":{"start":{"line":9,"column":4},"end":{"line":19,"column":5}}}],"declarationLoc":{"start":{"line":3,"column":0},"end":{"line":20,"column":1}},"doc":"","exports":[{"type":"ExportDefaultDeclaration"}]},"updatedAt":"2024-10-28T07:28:00.257Z"},{"_allAttributes":{"publicAttributes":[],"privateAttributes":[{"name":"url","memberType":0,"location":{"uri":"file:///c%3A/Users/003BIJ744/Desktop/s-troop-lwc/portfolio/force-app/main/default/lwc/documentsPage/documentsPage.js","range":{"start":{"line":6,"character":4},"end":{"line":6,"character":21}}},"detail":"LWC custom attribute"},{"name":"js-book","memberType":0,"location":{"uri":"file:///c%3A/Users/003BIJ744/Desktop/s-troop-lwc/portfolio/force-app/main/default/lwc/documentsPage/documentsPage.js","range":{"start":{"line":7,"character":4},"end":{"line":7,"character":25}}},"detail":"LWC custom attribute"}]},"_properties":null,"_methods":[{"name":"handleUploadFinished","type":"method","loc":{"start":{"line":11,"column":4},"end":{"line":22,"column":5}}}],"file":"c:/Users/003BIJ744/Desktop/s-troop-lwc/portfolio/force-app/main/default/lwc/documentsPage/documentsPage.js","metadata":{"decorators":[],"classMembers":[{"name":"url","type":"property","value":{"type":"unresolved"},"loc":{"start":{"line":7,"column":4},"end":{"line":7,"column":21}}},{"name":"jsBook","type":"property","value":{"type":"unresolved"},"loc":{"start":{"line":8,"column":4},"end":{"line":8,"column":25}}},{"name":"handleUploadFinished","type":"method","loc":{"start":{"line":11,"column":4},"end":{"line":22,"column":5}}}],"declarationLoc":{"start":{"line":6,"column":0},"end":{"line":23,"column":1}},"doc":"","exports":[{"type":"ExportDefaultDeclaration"}]},"updatedAt":"2024-10-29T07:15:03.317Z"},{"_allAttributes":{"publicAttributes":[],"privateAttributes":[]},"_properties":null,"_methods":[],"file":"c:/Users/003BIJ744/Desktop/s-troop-lwc/portfolio/force-app/main/default/lwc/footerComponent/footerComponent.js","metadata":{"decorators":[],"classMembers":[],"declarationLoc":{"start":{"line":3,"column":0},"end":{"line":3,"column":64}},"doc":"","exports":[{"type":"ExportDefaultDeclaration"}]},"updatedAt":"2024-10-26T07:06:36.428Z"},{"_allAttributes":{"publicAttributes":[],"privateAttributes":[{"name":"-l-o-g-o","memberType":0,"location":{"uri":"file:///c%3A/Users/003BIJ744/Desktop/s-troop-lwc/portfolio/force-app/main/default/lwc/licAPP/licAPP.js","range":{"start":{"line":6,"character":4},"end":{"line":6,"character":19}}},"detail":"LWC custom attribute"}]},"_properties":null,"_methods":[{"name":"handleNavigation","type":"method","loc":{"start":{"line":10,"column":4},"end":{"line":35,"column":5}}}],"file":"c:/Users/003BIJ744/Desktop/s-troop-lwc/portfolio/force-app/main/default/lwc/licAPP/licAPP.js","metadata":{"decorators":[],"classMembers":[{"name":"LOGO","type":"property","value":{"type":"unresolved"},"loc":{"start":{"line":7,"column":4},"end":{"line":7,"column":19}}},{"name":"handleNavigation","type":"method","loc":{"start":{"line":10,"column":4},"end":{"line":35,"column":5}}}],"declarationLoc":{"start":{"line":5,"column":0},"end":{"line":36,"column":1}},"doc":"","exports":[{"type":"ExportDefaultDeclaration"}]},"updatedAt":"2024-10-29T06:15:58.257Z"},{"_allAttributes":{"publicAttributes":[],"privateAttributes":[{"name":"show-modal","memberType":0,"location":{"uri":"file:///c%3A/Users/003BIJ744/Desktop/s-troop-lwc/portfolio/force-app/main/default/lwc/licHeader/licHeader.js","range":{"start":{"line":6,"character":4},"end":{"line":6,"character":22}}},"detail":"LWC custom attribute"},{"name":"person-info","memberType":0,"location":{"uri":"file:///c%3A/Users/003BIJ744/Desktop/s-troop-lwc/portfolio/force-app/main/default/lwc/licHeader/licHeader.js","range":{"start":{"line":8,"character":4},"end":{"line":8,"character":20}}},"detail":"LWC custom attribute"}]},"_properties":null,"_methods":[{"name":"personInfoFromApex","type":"method","decorator":"wire","loc":{"start":{"line":11,"column":4},"end":{"line":20,"column":5}}},{"name":"profileHandler","type":"method","loc":{"start":{"line":22,"column":4},"end":{"line":25,"column":5}}},{"name":"closeModal","type":"method","loc":{"start":{"line":27,"column":4},"end":{"line":29,"column":5}}},{"name":"logoutHandler","type":"method","loc":{"start":{"line":31,"column":4},"end":{"line":53,"column":5}}}],"file":"c:/Users/003BIJ744/Desktop/s-troop-lwc/portfolio/force-app/main/default/lwc/licHeader/licHeader.js","metadata":{"decorators":[{"type":"wire","targets":[{"type":"method","name":"personInfoFromApex","static":{},"params":{},"adapter":{"name":"personInfo","reference":"@salesforce/apex/LicController.getPersonalInfo"}}]}],"classMembers":[{"name":"showModal","type":"property","value":{"type":"boolean","value":false},"loc":{"start":{"line":7,"column":4},"end":{"line":7,"column":22}}},{"name":"personInfo","type":"property","value":{"type":"object","value":{}},"loc":{"start":{"line":9,"column":4},"end":{"line":9,"column":20}}},{"name":"personInfoFromApex","type":"method","decorator":"wire","loc":{"start":{"line":11,"column":4},"end":{"line":20,"column":5}}},{"name":"profileHandler","type":"method","loc":{"start":{"line":22,"column":4},"end":{"line":25,"column":5}}},{"name":"closeModal","type":"method","loc":{"start":{"line":27,"column":4},"end":{"line":29,"column":5}}},{"name":"logoutHandler","type":"method","loc":{"start":{"line":31,"column":4},"end":{"line":53,"column":5}}}],"declarationLoc":{"start":{"line":5,"column":0},"end":{"line":54,"column":1}},"doc":"","exports":[{"type":"ExportDefaultDeclaration"}]},"updatedAt":"2024-10-29T11:24:16.368Z"},{"_allAttributes":{"publicAttributes":[],"privateAttributes":[{"name":"policy-list","memberType":0,"decorator":1,"location":{"uri":"file:///c%3A/Users/003BIJ744/Desktop/s-troop-lwc/portfolio/force-app/main/default/lwc/mainContent/mainContent.js","range":{"start":{"line":4,"character":4},"end":{"line":4,"character":27}}},"detail":"LWC custom attribute"},{"name":"error","memberType":0,"decorator":1,"location":{"uri":"file:///c%3A/Users/003BIJ744/Desktop/s-troop-lwc/portfolio/force-app/main/default/lwc/mainContent/mainContent.js","range":{"start":{"line":5,"character":4},"end":{"line":5,"character":17}}},"detail":"LWC custom attribute"}]},"_properties":null,"_methods":[{"name":"connectedCallback","type":"method","loc":{"start":{"line":8,"column":4},"end":{"line":10,"column":5}}},{"name":"retrieveSessionData","type":"method","loc":{"start":{"line":12,"column":4},"end":{"line":24,"column":5}}},{"name":"navigateTo","type":"method","loc":{"start":{"line":40,"column":4},"end":{"line":43,"column":5}}},{"name":"handleButtonClick","type":"method","loc":{"start":{"line":45,"column":4},"end":{"line":48,"column":5}}}],"file":"c:/Users/003BIJ744/Desktop/s-troop-lwc/portfolio/force-app/main/default/lwc/mainContent/mainContent.js","metadata":{"decorators":[{"type":"track","targets":[{"name":"policyList","type":"property"},{"name":"error","type":"property"}]}],"classMembers":[{"name":"policyList","type":"property","decorator":"track","loc":{"start":{"line":5,"column":4},"end":{"line":5,"column":27}}},{"name":"error","type":"property","decorator":"track","loc":{"start":{"line":6,"column":4},"end":{"line":6,"column":17}}},{"name":"connectedCallback","type":"method","loc":{"start":{"line":8,"column":4},"end":{"line":10,"column":5}}},{"name":"retrieveSessionData","type":"method","loc":{"start":{"line":12,"column":4},"end":{"line":24,"column":5}}},{"name":"navigateTo","type":"method","loc":{"start":{"line":40,"column":4},"end":{"line":43,"column":5}}},{"name":"handleButtonClick","type":"method","loc":{"start":{"line":45,"column":4},"end":{"line":48,"column":5}}}],"declarationLoc":{"start":{"line":4,"column":0},"end":{"line":49,"column":1}},"doc":"","exports":[{"type":"ExportDefaultDeclaration"}]},"updatedAt":"2024-10-30T10:58:58.645Z"},{"_allAttributes":{"publicAttributes":[],"privateAttributes":[{"name":"is-sidebar-closed","memberType":0,"decorator":1,"location":{"uri":"file:///c%3A/Users/003BIJ744/Desktop/s-troop-lwc/portfolio/force-app/main/default/lwc/navBar/navBar.js","range":{"start":{"line":3,"character":4},"end":{"line":3,"character":35}}},"detail":"LWC custom attribute"},{"name":"sidebar-class","memberType":0,"location":{"uri":"file:///c%3A/Users/003BIJ744/Desktop/s-troop-lwc/portfolio/force-app/main/default/lwc/navBar/navBar.js","range":{"start":{"line":5,"character":4},"end":{"line":7,"character":5}}},"detail":"LWC custom attribute"},{"name":"toggle-icon","memberType":0,"location":{"uri":"file:///c%3A/Users/003BIJ744/Desktop/s-troop-lwc/portfolio/force-app/main/default/lwc/navBar/navBar.js","range":{"start":{"line":9,"character":4},"end":{"line":11,"character":5}}},"detail":"LWC custom attribute"}]},"_properties":null,"_methods":[{"name":"toggleSidebar","type":"method","loc":{"start":{"line":14,"column":4},"end":{"line":17,"column":5}}},{"name":"AccountsHandler","type":"method","loc":{"start":{"line":19,"column":4},"end":{"line":22,"column":5}}},{"name":"documentsHandler","type":"method","loc":{"start":{"line":24,"column":4},"end":{"line":27,"column":5}}},{"name":"navigateTo","type":"method","loc":{"start":{"line":29,"column":4},"end":{"line":32,"column":5}}}],"file":"c:/Users/003BIJ744/Desktop/s-troop-lwc/portfolio/force-app/main/default/lwc/navBar/navBar.js","metadata":{"decorators":[{"type":"track","targets":[{"name":"isSidebarClosed","type":"property"}]}],"classMembers":[{"name":"isSidebarClosed","type":"property","value":{"type":"boolean","value":false},"decorator":"track","loc":{"start":{"line":4,"column":4},"end":{"line":4,"column":35}}},{"name":"sidebarClass","type":"property","loc":{"start":{"line":6,"column":4},"end":{"line":8,"column":5}}},{"name":"toggleIcon","type":"property","loc":{"start":{"line":10,"column":4},"end":{"line":12,"column":5}}},{"name":"toggleSidebar","type":"method","loc":{"start":{"line":14,"column":4},"end":{"line":17,"column":5}}},{"name":"AccountsHandler","type":"method","loc":{"start":{"line":19,"column":4},"end":{"line":22,"column":5}}},{"name":"documentsHandler","type":"method","loc":{"start":{"line":24,"column":4},"end":{"line":27,"column":5}}},{"name":"navigateTo","type":"method","loc":{"start":{"line":29,"column":4},"end":{"line":32,"column":5}}}],"declarationLoc":{"start":{"line":3,"column":0},"end":{"line":35,"column":1}},"doc":"","exports":[{"type":"ExportDefaultDeclaration"}]},"updatedAt":"2024-10-29T06:14:11.245Z"},{"_allAttributes":{"publicAttributes":[],"privateAttributes":[{"name":"payments","memberType":0,"location":{"uri":"file:///c%3A/Users/003BIJ744/Desktop/s-troop-lwc/portfolio/force-app/main/default/lwc/paymentPage/paymentPage.js","range":{"start":{"line":6,"character":4},"end":{"line":6,"character":16}}},"detail":"LWC custom attribute"}]},"_properties":null,"_methods":[{"name":"paymentsList","type":"method","decorator":"wire","loc":{"start":{"line":9,"column":4},"end":{"line":18,"column":5}}}],"file":"c:/Users/003BIJ744/Desktop/s-troop-lwc/portfolio/force-app/main/default/lwc/paymentPage/paymentPage.js","metadata":{"decorators":[{"type":"wire","targets":[{"type":"method","name":"paymentsList","static":{},"params":{},"adapter":{"name":"getPayments","reference":"@salesforce/apex/LicController.getPayments"}}]}],"classMembers":[{"name":"payments","type":"property","loc":{"start":{"line":7,"column":4},"end":{"line":7,"column":16}}},{"name":"paymentsList","type":"method","decorator":"wire","loc":{"start":{"line":9,"column":4},"end":{"line":18,"column":5}}}],"declarationLoc":{"start":{"line":4,"column":0},"end":{"line":19,"column":1}},"doc":"","exports":[{"type":"ExportDefaultDeclaration"}]},"updatedAt":"2024-10-28T07:43:31.944Z"},{"_allAttributes":{"publicAttributes":[],"privateAttributes":[{"name":"person-info","memberType":0,"location":{"uri":"file:///c%3A/Users/003BIJ744/Desktop/s-troop-lwc/portfolio/force-app/main/default/lwc/personalInformation/personalInformation.js","range":{"start":{"line":5,"character":4},"end":{"line":5,"character":20}}},"detail":"LWC custom attribute"}]},"_properties":null,"_methods":[{"name":"personInfoFromApex","type":"method","decorator":"wire","loc":{"start":{"line":8,"column":4},"end":{"line":17,"column":5}}}],"file":"c:/Users/003BIJ744/Desktop/s-troop-lwc/portfolio/force-app/main/default/lwc/personalInformation/personalInformation.js","metadata":{"decorators":[{"type":"wire","targets":[{"type":"method","name":"personInfoFromApex","static":{},"params":{},"adapter":{"name":"personInfo","reference":"@salesforce/apex/LicController.getPersonalInfo"}}]}],"classMembers":[{"name":"personInfo","type":"property","loc":{"start":{"line":6,"column":4},"end":{"line":6,"column":20}}},{"name":"personInfoFromApex","type":"method","decorator":"wire","loc":{"start":{"line":8,"column":4},"end":{"line":17,"column":5}}}],"declarationLoc":{"start":{"line":4,"column":0},"end":{"line":18,"column":1}},"doc":"","exports":[{"type":"ExportDefaultDeclaration"}]},"updatedAt":"2024-10-28T09:22:12.344Z"},{"_allAttributes":{"publicAttributes":[],"privateAttributes":[{"name":"username","memberType":0,"decorator":1,"location":{"uri":"file:///c%3A/Users/003BIJ744/Desktop/s-troop-lwc/portfolio/force-app/main/default/lwc/loginComponent/loginComponent.js","range":{"start":{"line":5,"character":4},"end":{"line":5,"character":20}}},"detail":"LWC custom attribute"},{"name":"password","memberType":0,"decorator":1,"location":{"uri":"file:///c%3A/Users/003BIJ744/Desktop/s-troop-lwc/portfolio/force-app/main/default/lwc/loginComponent/loginComponent.js","range":{"start":{"line":6,"character":4},"end":{"line":6,"character":20}}},"detail":"LWC custom attribute"},{"name":"show-error","memberType":0,"decorator":1,"location":{"uri":"file:///c%3A/Users/003BIJ744/Desktop/s-troop-lwc/portfolio/force-app/main/default/lwc/loginComponent/loginComponent.js","range":{"start":{"line":7,"character":4},"end":{"line":7,"character":29}}},"detail":"LWC custom attribute"}]},"_properties":null,"_methods":[{"name":"handleInputChange","type":"method","loc":{"start":{"line":10,"column":4},"end":{"line":17,"column":5}}},{"name":"isNotEmpty","type":"method","loc":{"start":{"line":20,"column":4},"end":{"line":22,"column":5}}},{"name":"login","type":"method","loc":{"start":{"line":24,"column":4},"end":{"line":47,"column":5}}},{"name":"navigateToApp","type":"method","loc":{"start":{"line":50,"column":4},"end":{"line":61,"column":5}}},{"name":"handleError","type":"method","loc":{"start":{"line":64,"column":4},"end":{"line":67,"column":5}}}],"file":"c:/Users/003BIJ744/Desktop/s-troop-lwc/portfolio/force-app/main/default/lwc/loginComponent/loginComponent.js","metadata":{"decorators":[{"type":"track","targets":[{"name":"username","type":"property"},{"name":"password","type":"property"},{"name":"showError","type":"property"}]}],"classMembers":[{"name":"username","type":"property","decorator":"track","loc":{"start":{"line":6,"column":4},"end":{"line":6,"column":20}}},{"name":"password","type":"property","decorator":"track","loc":{"start":{"line":7,"column":4},"end":{"line":7,"column":20}}},{"name":"showError","type":"property","value":{"type":"boolean","value":false},"decorator":"track","loc":{"start":{"line":8,"column":4},"end":{"line":8,"column":29}}},{"name":"handleInputChange","type":"method","loc":{"start":{"line":10,"column":4},"end":{"line":17,"column":5}}},{"name":"isNotEmpty","type":"method","loc":{"start":{"line":20,"column":4},"end":{"line":22,"column":5}}},{"name":"login","type":"method","loc":{"start":{"line":24,"column":4},"end":{"line":47,"column":5}}},{"name":"navigateToApp","type":"method","loc":{"start":{"line":50,"column":4},"end":{"line":61,"column":5}}},{"name":"handleError","type":"method","loc":{"start":{"line":64,"column":4},"end":{"line":67,"column":5}}}],"declarationLoc":{"start":{"line":5,"column":0},"end":{"line":68,"column":1}},"doc":"","exports":[{"type":"ExportDefaultDeclaration"}]},"updatedAt":"2024-10-30T10:38:06.825Z"}]